"id";"nombre";"id_finca";"id_cultivo"
e5435a7a-9d40-4739-8baf-89c31ae2a1dd;Lote3;clnl151al000bdo7ev4hir6rw;clnl0upju0007do7eouqi2pcn
e07bc8f8-7ea5-4e0f-987a-332d18fccebe;Lote11;clnl151al000cdo7e68ydcd64;clnl0upju0004do7ea22vefne
"48caaff2-48f3-4033-975f-34141defe60b";Lote11;clnl151al000ddo7ev48dkvox;clnl0upju0007do7eouqi2pcn
"0a3574b0-da32-4288-9398-2852854fe1a0";Lote2;clnl151al000edo7e1xobc8px;clnl0upju0000do7eoq4verwy
ab04715f-f2da-4026-b5fe-ad5e60a87d3e;Lote1;clnl151al000ado7eoab4mqfb;clnl0upju0001do7ejmqgtdnl
"57182cab-d6cd-4f45-a95a-5fc5058c4fc8";Lote2;clnl151al000ado7eoab4mqfb;clnl0upju0005do7ep42zesii
a6606b9c-61c1-400f-b09c-ffb697e6130a;Lote3;clnl151al000ado7eoab4mqfb;clnl0upju0000do7eoq4verwy
d67b40c4-6a30-438c-888a-1d02d246d649;Lote4;clnl151al000ado7eoab4mqfb;clnl0upju0004do7ea22vefne
"031c6579-d90e-4974-8263-6f47aecbe084";Lote5;clnl151al000ado7eoab4mqfb;clnl0upju0005do7ep42zesii
"78a717ea-58b6-4db4-970f-05ca59147e6b";Lote6;clnl151al000ado7eoab4mqfb;clnl0upju0004do7ea22vefne
"14c39acc-107e-40f6-a08b-dba6a0968751";Lote7;clnl151al000ado7eoab4mqfb;clnl0upju0005do7ep42zesii
cf4a9e49-4725-46a3-9cf1-c9b4cb53057e;Lote8;clnl151al000ado7eoab4mqfb;clnl0upju0004do7ea22vefne
"9c62a712-bc25-4648-b32b-eb73700a5a36";Lote9;clnl151al000ado7eoab4mqfb;clnl0upju0003do7eu8h8e8qs
f9837d0b-29c9-4b96-9e6c-2f2d2a0e098f;Lote10;clnl151al000ado7eoab4mqfb;clnl0upju0001do7ejmqgtdnl
"19149b1d-9786-4b61-ba50-2bdabc9b4d05";Lote1;clnl151al000bdo7ev4hir6rw;clnl0upju0009do7el0vm3yuv
f9d9b7be-5177-426b-b3f6-7167177b88b4;Lote2;clnl151al000bdo7ev4hir6rw;clnl0upju0000do7eoq4verwy
bac844a2-ec04-451e-ad9c-284861db07c8;Lote4;clnl151al000bdo7ev4hir6rw;clnl0upju0003do7eu8h8e8qs
"51c0a857-bd7e-4890-921d-88286273a002";Lote5;clnl151al000bdo7ev4hir6rw;clnl0upju0008do7ethb1ale3
"31529fdd-7930-49ed-909f-1f8054c6ed97";Lote6;clnl151al000bdo7ev4hir6rw;clnl0upju0000do7eoq4verwy
"043f00b1-61e8-4fc3-955f-995997d3278d";Lote1;clnl151al000cdo7e68ydcd64;clnl0upju0005do7ep42zesii
c36782de-322f-48f7-9361-a1dee652306a;Lote2;clnl151al000cdo7e68ydcd64;clnl0upju0001do7ejmqgtdnl
"710f631c-d10a-4d79-9964-70432d8efa8e";Lote3;clnl151al000cdo7e68ydcd64;clnl0upju0006do7ej70qeua9
"298e2861-ffd7-4e98-bc82-7c0a1a4107f1";Lote4;clnl151al000cdo7e68ydcd64;clnl0upju0001do7ejmqgtdnl
"01b2b028-9087-4686-83a6-ea1112d9d353";Lote5;clnl151al000cdo7e68ydcd64;clnl0upju0001do7ejmqgtdnl
"1be060af-8615-401d-a804-fe2d77c2bc2b";Lote6;clnl151al000cdo7e68ydcd64;clnl0upju0007do7eouqi2pcn
a63a2a09-8461-45ad-9f34-3547621ef452;Lote7;clnl151al000cdo7e68ydcd64;clnl0upju0009do7el0vm3yuv
"5aa67040-9da8-48b7-a2eb-7b62034849a6";Lote8;clnl151al000cdo7e68ydcd64;clnl0upju0008do7ethb1ale3
fc280f5b-1caf-45e9-941c-a25794070159;Lote9;clnl151al000cdo7e68ydcd64;clnl0upju0005do7ep42zesii
"4f34f2ea-e971-4a61-b90c-d2b6cb4b8e1c";Lote10;clnl151al000cdo7e68ydcd64;clnl0upju0004do7ea22vefne
d6d965f7-077d-41e2-a460-425951051d5f;Lote12;clnl151al000cdo7e68ydcd64;clnl0upju0003do7eu8h8e8qs
"9c5a2d52-cc76-42e4-bf44-b1a8a3bfdec5";Lote13;clnl151al000cdo7e68ydcd64;clnl0upju0003do7eu8h8e8qs
c15565e5-8346-45f0-bf1d-97924a487e0c;Lote14;clnl151al000cdo7e68ydcd64;clnl0upju0005do7ep42zesii
"816546c0-a6ee-42f4-a40c-bbf9c0fd0b08";Lote15;clnl151al000cdo7e68ydcd64;clnl0upju0009do7el0vm3yuv
"110699f3-46c7-42e6-a462-df139913b8c7";Lote1;clnl151al000ddo7ev48dkvox;clnl0upju0007do7eouqi2pcn
"5658b457-c695-4dbf-9083-58aacac697a0";Lote2;clnl151al000ddo7ev48dkvox;clnl0upju0000do7eoq4verwy
ddfe5aab-6761-48c7-8010-77d9671af6f4;Lote3;clnl151al000ddo7ev48dkvox;clnl0upju0007do7eouqi2pcn
"74abfecd-c5da-455e-ae37-3aef35238245";Lote4;clnl151al000ddo7ev48dkvox;clnl0upju0004do7ea22vefne
"463ffdf1-c071-4a9a-975b-982ec0815fac";Lote5;clnl151al000ddo7ev48dkvox;clnl0upju0006do7ej70qeua9
e897394c-7eac-4620-9897-bf1a686b30cb;Lote6;clnl151al000ddo7ev48dkvox;clnl0upju0002do7egbpgrsjq
fae1e03a-5d7d-4351-8578-2e84d87aec74;Lote7;clnl151al000ddo7ev48dkvox;clnl0upju0003do7eu8h8e8qs
e67610c5-3070-4178-8be3-32b778a594b9;Lote8;clnl151al000ddo7ev48dkvox;clnl0upju0008do7ethb1ale3
"9ba66285-3424-4848-a263-58285916db42";Lote9;clnl151al000ddo7ev48dkvox;clnl0upju0001do7ejmqgtdnl
"8c4313be-532b-4987-99bd-1708a7812fa8";Lote10;clnl151al000ddo7ev48dkvox;clnl0upju0003do7eu8h8e8qs
"955868d7-ec6a-4713-93c8-3072aebd14c7";Lote12;clnl151al000ddo7ev48dkvox;clnl0upju0004do7ea22vefne
"57a405be-6f40-4f5f-be1d-9e18187f62f5";Lote13;clnl151al000ddo7ev48dkvox;clnl0upju0003do7eu8h8e8qs
"555ec439-223a-4b3e-8851-403a68b51776";Lote1;clnl151al000edo7e1xobc8px;clnl0upju0002do7egbpgrsjq
c7ab0f39-b6da-4802-bf68-0ca92f101a41;Lote3;clnl151al000edo7e1xobc8px;clnl0upju0000do7eoq4verwy
"168fe556-d41c-4211-970a-88a52a1bdc06";Lote4;clnl151al000edo7e1xobc8px;clnl0upju0006do7ej70qeua9
