id;id_cultivo;valor;fecha
c1a28c6a-e0e9-4b42-8fbe-f5e7279727ca;clnl0upju0009do7el0vm3yuv;0,318334589;1/01/2021
ee7fbab1-3df7-49e8-9586-f452abd8da80;clnl0upju0004do7ea22vefne;0,937629023;1/01/2021
6ccee9a2-52df-4369-8e7c-259d0dcd0864;clnl0upju0000do7eoq4verwy;0,400817748;1/01/2021
cb0496fc-9be7-4bcc-99af-6c9a93913e0b;clnl0upju0003do7eu8h8e8qs;1,695154663;1/01/2021
b92c6fef-0b33-479e-919f-92335626db29;clnl0upju0002do7egbpgrsjq;0,332505548;1/01/2021
166b6151-e701-4e11-b4a5-a4a284f88e6c;clnl0upju0005do7ep42zesii;0,433712485;1/01/2021
8a4002d9-0ed3-498f-8421-07ac60875bcc;clnl0upju0008do7ethb1ale3;0,219232897;1/01/2021
cb155fa9-34b1-400c-9dfe-7a482eccf991;clnl0upju0007do7eouqi2pcn;3,512322558;1/01/2021
2415a3d0-c55e-435a-9e64-277fa937c294;clnl0upju0006do7ej70qeua9;0,367058839;1/01/2021
bee9363a-16eb-4709-b7b6-bd6f7448153e;clnl0upju0001do7ejmqgtdnl;0,28629218;1/01/2021
8776d68f-6fb3-46b1-836e-477bf6795bba;clnl0upju0009do7el0vm3yuv;0,322522725;1/02/2021
79c00a3c-c7c4-4930-a241-1c607612e711;clnl0upju0004do7ea22vefne;0,91232058;1/02/2021
2f042991-0c56-431c-b2d3-a616177593b2;clnl0upju0000do7eoq4verwy;0,418664655;1/02/2021
387e6f87-a755-4238-9ee8-a0208063633c;clnl0upju0003do7eu8h8e8qs;1,563663175;1/02/2021
6654f9c2-1d80-4911-86ef-71e6a55828da;clnl0upju0002do7egbpgrsjq;0,317934856;1/02/2021
740bd6b2-0279-459d-b1d4-d6d297d37fca;clnl0upju0005do7ep42zesii;0,422932884;1/02/2021
b4b6d997-5751-47b4-ae5d-180059f07ba6;clnl0upju0008do7ethb1ale3;0,220601088;1/02/2021
eb12edcb-9aff-46e0-95e0-98405ec555c3;clnl0upju0007do7eouqi2pcn;3,540045504;1/02/2021
f72a5ebc-99c1-4535-ac8c-5c24f8adfdc7;clnl0upju0006do7ej70qeua9;0,379749395;1/02/2021
f4e02711-e306-4f44-88c8-314d0254158e;clnl0upju0001do7ejmqgtdnl;0,278316139;1/02/2021
f8ebc94d-3497-42ac-a569-845d05d4584e;clnl0upju0009do7el0vm3yuv;0,303556996;1/03/2021
eb382c03-fb37-4823-94ee-6a4aa305a03c;clnl0upju0004do7ea22vefne;0,858148021;1/03/2021
07dd8ab8-8518-4ebf-bb17-8561a836a75e;clnl0upju0000do7eoq4verwy;0,358729899;1/03/2021
0d374458-e5ed-4637-99cd-c50b06f221ee;clnl0upju0003do7eu8h8e8qs;1,613987085;1/03/2021
5861858f-888e-4686-9282-fbbe96038a6a;clnl0upju0002do7egbpgrsjq;0,312310922;1/03/2021
603e24a6-0185-44eb-81fb-2eea23131c20;clnl0upju0005do7ep42zesii;0,417477846;1/03/2021
33428e11-3d93-47ee-9855-14aa21fda9e7;clnl0upju0008do7ethb1ale3;0,239942122;1/03/2021
4efee3bf-8b8e-44dc-a416-f56293bf8560;clnl0upju0007do7eouqi2pcn;3,437621036;1/03/2021
a4cde66d-c548-417f-869e-d36ab67ab30c;clnl0upju0006do7ej70qeua9;0,350282119;1/03/2021
5c078844-5172-4fe1-983a-b998c0c2d340;clnl0upju0001do7ejmqgtdnl;0,284903355;1/03/2021
9e56217d-1ea7-44e5-a594-d53493b0d556;clnl0upju0009do7el0vm3yuv;0,284565463;1/04/2021
9ae4f70f-c4ce-4111-b106-43d7e49a236e;clnl0upju0004do7ea22vefne;0,947710118;1/04/2021
cc91cb34-41fd-42fe-89a4-0126d3b95aef;clnl0upju0000do7eoq4verwy;0,361610262;1/04/2021
778dd620-dd73-45f5-9156-0892f87c6080;clnl0upju0003do7eu8h8e8qs;1,523829948;1/04/2021
bb951c83-6625-4895-804f-c8d4448e2ec6;clnl0upju0002do7egbpgrsjq;0,302208515;1/04/2021
a1a71207-1d42-455a-96b4-84240d33e4e3;clnl0upju0005do7ep42zesii;0,40981982;1/04/2021
251165bc-0016-4dce-8e6a-42f70180b4c5;clnl0upju0008do7ethb1ale3;0,22316573;1/04/2021
a86843cd-becc-4602-a537-69fab7d686d1;clnl0upju0007do7eouqi2pcn;3,312102991;1/04/2021
24446037-b128-4789-9566-4a41f99a884d;clnl0upju0006do7ej70qeua9;0,343027437;1/04/2021
59ea0195-c295-433a-a6a5-c06fc578c023;clnl0upju0001do7ejmqgtdnl;0,281543311;1/04/2021
239ebe56-e0f7-4d6e-b4a0-7a16d567c273;clnl0upju0009do7el0vm3yuv;0,299218099;1/05/2021
c34fda69-4c18-48e0-82ee-19a3f5e09e3e;clnl0upju0004do7ea22vefne;0,935689943;1/05/2021
623a62ce-86de-4cec-a530-67d22b592b70;clnl0upju0000do7eoq4verwy;0,395724409;1/05/2021
74cab083-d808-4d88-8a94-7c9d11704da9;clnl0upju0003do7eu8h8e8qs;1,53667797;1/05/2021
096960c5-2302-4ebd-b88b-2931d02d656c;clnl0upju0002do7egbpgrsjq;0,301734482;1/05/2021
b2e5c72a-fc60-4d03-9117-c5f44563ec01;clnl0upju0005do7ep42zesii;0,479382628;1/05/2021
8e831877-90a8-49a4-9bea-ecbadf6d64ba;clnl0upju0008do7ethb1ale3;0,209625785;1/05/2021
d4524ba1-38af-48f7-af09-6251d18d6ca0;clnl0upju0007do7eouqi2pcn;3,49540477;1/05/2021
2a1fa683-bcfe-4d6e-85d5-220ab31f23e6;clnl0upju0006do7ej70qeua9;0,354191166;1/05/2021
7141f493-a0f9-42c5-817c-42822ac779c6;clnl0upju0001do7ejmqgtdnl;0,264534027;1/05/2021
a7b6ea0e-a295-4950-956e-00fb4631d1a3;clnl0upju0009do7el0vm3yuv;0,299435804;1/06/2021
20f45df3-29aa-4aad-a1d0-eba185906cb8;clnl0upju0004do7ea22vefne;0,960697749;1/06/2021
a02c96b8-183c-4eb7-895e-8b118ac9eccb;clnl0upju0000do7eoq4verwy;0,362595335;1/06/2021
36c0fb93-54fc-46b2-947e-2596b017dfa8;clnl0upju0003do7eu8h8e8qs;1,534570314;1/06/2021
80d17dfa-6064-41a0-849a-0cfc7ae7aced;clnl0upju0002do7egbpgrsjq;0,341204825;1/06/2021
efa5384f-5ac6-454f-914e-75868822db17;clnl0upju0005do7ep42zesii;0,423009766;1/06/2021
caee089f-ecf3-4d7a-b2c0-89a2b45e3aeb;clnl0upju0008do7ethb1ale3;0,231032167;1/06/2021
d8299ee3-441b-4596-a019-3863598074b0;clnl0upju0007do7eouqi2pcn;3,537817583;1/06/2021
ffeedcde-80dd-4274-be49-85a9fddcd0e4;clnl0upju0006do7ej70qeua9;0,348167765;1/06/2021
3a7e12cd-c918-48ae-abe2-2048c2ce4691;clnl0upju0001do7ejmqgtdnl;0,262250766;1/06/2021
7aeecbdc-cb62-4e97-9a92-2679818ca316;clnl0upju0009do7el0vm3yuv;0,317441661;1/07/2021
fb290fc5-3e39-49ef-ac42-716a04ff046c;clnl0upju0004do7ea22vefne;0,979148811;1/07/2021
1ee6e602-51c8-4f5f-a51e-e4bf82703c84;clnl0upju0000do7eoq4verwy;0,406209811;1/07/2021
68f673ed-259e-41f3-84f5-edb4a46d0a25;clnl0upju0003do7eu8h8e8qs;1,732133126;1/07/2021
d186de8e-cbe6-42bd-9386-a25bc9d6ba5b;clnl0upju0002do7egbpgrsjq;0,357435817;1/07/2021
6b25b127-a689-4fe7-9f5a-7eda13762829;clnl0upju0005do7ep42zesii;0,434259286;1/07/2021
04954281-5d76-4426-baaf-96d2a60deb28;clnl0upju0008do7ethb1ale3;0,215587948;1/07/2021
99f81737-c4ec-4243-a8d3-587118a7b239;clnl0upju0007do7eouqi2pcn;3,210966836;1/07/2021
c7ee1432-06a1-41c9-a05d-941ca3feb584;clnl0upju0006do7ej70qeua9;0,329245831;1/07/2021
cde1163a-2444-4978-996f-4f24136ec14d;clnl0upju0001do7ejmqgtdnl;0,262870756;1/07/2021
33c7a905-d49c-4073-a463-95ee6839ba76;clnl0upju0009do7el0vm3yuv;0,28398544;1/08/2021
3d18da15-4337-4938-b548-ea7eb91fce2d;clnl0upju0004do7ea22vefne;1,014790215;1/08/2021
0b76e95d-164a-42f9-a36e-34f61f66b68b;clnl0upju0000do7eoq4verwy;0,395792099;1/08/2021
d0d1273f-aa15-45e4-851e-15a450d5f045;clnl0upju0003do7eu8h8e8qs;1,57272516;1/08/2021
8d0fbdfc-41c4-4f0e-8a66-305ea73b98b1;clnl0upju0002do7egbpgrsjq;0,305786041;1/08/2021
e1ce90b3-0519-4b2b-8495-223b7d81c586;clnl0upju0005do7ep42zesii;0,417630065;1/08/2021
81a29ffd-ca17-4628-a358-90e72060f78e;clnl0upju0008do7ethb1ale3;0,210494424;1/08/2021
a213977a-4d9e-4672-8535-56223ac20538;clnl0upju0007do7eouqi2pcn;3,282206917;1/08/2021
d2b924d9-5912-47aa-be6c-be0d3a908635;clnl0upju0006do7ej70qeua9;0,380431553;1/08/2021
3aa63e47-3329-42d7-afe0-14d6f741e851;clnl0upju0001do7ejmqgtdnl;0,292613556;1/08/2021
472d5fe7-d68a-4de4-b623-5f1f720b9cca;clnl0upju0009do7el0vm3yuv;0,283952026;1/09/2021
033a9bb7-00fd-49c0-bfe8-d513e5a7288b;clnl0upju0004do7ea22vefne;0,925191928;1/09/2021
562b862f-533f-4319-afe2-098b76d2f949;clnl0upju0000do7eoq4verwy;0,381869518;1/09/2021
353b0d34-b71b-4a57-8a6d-b54533e0e4ce;clnl0upju0003do7eu8h8e8qs;1,750858574;1/09/2021
93d9951a-5493-4d35-b57d-19573f35d7e0;clnl0upju0002do7egbpgrsjq;0,349358694;1/09/2021
ed1fba18-dabf-40fd-be5e-2026af0f2291;clnl0upju0005do7ep42zesii;0,470489046;1/09/2021
0a9affbb-1a36-4ae4-a0c2-423e25411589;clnl0upju0008do7ethb1ale3;0,20334;1/09/2021
0bcf132f-cd93-4b7c-b944-3bd5a68679a1;clnl0upju0007do7eouqi2pcn;3,5336445;1/09/2021
2f7a6cef-e557-4068-8851-97763634f85b;clnl0upju0006do7ej70qeua9;0,338193674;1/09/2021
63f0be42-7d5e-44ae-b4a8-263afcf04cf5;clnl0upju0001do7ejmqgtdnl;0,276631251;1/09/2021
692b87df-3e96-4a60-bff3-360b3754649e;clnl0upju0009do7el0vm3yuv;0,288084705;1/10/2021
6090604b-d7e1-4f98-a24b-cec00b62c260;clnl0upju0004do7ea22vefne;0,955094133;1/10/2021
cce222e8-5371-42fc-abf8-1f21ef02a8cc;clnl0upju0000do7eoq4verwy;0,371158976;1/10/2021
f1b52b33-902b-4684-9e5a-c833d5a170d7;clnl0upju0003do7eu8h8e8qs;1,587405881;1/10/2021
1fb8627a-a680-4d20-91c5-a61dc93ad94d;clnl0upju0002do7egbpgrsjq;0,332646507;1/10/2021
abdbbff2-f9dd-445e-a86b-d143dc832ad6;clnl0upju0005do7ep42zesii;0,441518434;1/10/2021
fc514271-3910-49f8-b91a-9a5d911d8539;clnl0upju0008do7ethb1ale3;0,234440813;1/10/2021
6369c6b8-180f-451c-80f0-6039e7a362f8;clnl0upju0007do7eouqi2pcn;3,544599257;1/10/2021
80b4360d-7464-4d64-bc1c-2a062e2ff53f;clnl0upju0006do7ej70qeua9;0,375352614;1/10/2021
e5468b0f-27b5-4345-b7d9-d9d9ffbc7efd;clnl0upju0001do7ejmqgtdnl;0,274850857;1/10/2021
5d4dc7b9-5627-4ab2-b44f-f36b52177d47;clnl0upju0009do7el0vm3yuv;0,331134337;1/11/2021
80b99acb-e711-4b31-a506-38fb6da4f702;clnl0upju0004do7ea22vefne;0,908801322;1/11/2021
b387c5ba-64d0-480e-ad76-d5214cb875a5;clnl0upju0000do7eoq4verwy;0,399414461;1/11/2021
3d30028e-0254-453f-ae12-3907f10029d2;clnl0upju0003do7eu8h8e8qs;1,652481335;1/11/2021
6df07a53-b846-4e35-8aca-249bfb830802;clnl0upju0002do7egbpgrsjq;0,306560553;1/11/2021
00eed6dd-ce52-4574-a499-cb3f08a618c1;clnl0upju0005do7ep42zesii;0,469201106;1/11/2021
80496468-e78d-49b9-9c38-f8b4d5919b6e;clnl0upju0008do7ethb1ale3;0,206567445;1/11/2021
66719330-a1aa-4604-856b-ce8ba08928bc;clnl0upju0007do7eouqi2pcn;3,458960139;1/11/2021
c2e6eda4-5669-4519-98e8-de722b5b3768;clnl0upju0006do7ej70qeua9;0,380683249;1/11/2021
00879459-b64c-4c9c-befe-15d230028c5c;clnl0upju0001do7ejmqgtdnl;0,298846243;1/11/2021
b751ae4a-b374-446c-a65a-4d2c5cafc62b;clnl0upju0009do7el0vm3yuv;0,299048136;1/12/2021
e3e8b000-1e76-476d-be98-df6241ccc7da;clnl0upju0004do7ea22vefne;0,909066519;1/12/2021
a6181c22-7bf0-4a23-90ff-669ea1829f2b;clnl0upju0000do7eoq4verwy;0,37668589;1/12/2021
76a6d554-123b-4730-bc89-2cf1f8826aad;clnl0upju0003do7eu8h8e8qs;1,618708475;1/12/2021
cc7f5e37-56ac-43f6-ba29-a74f6c370be7;clnl0upju0002do7egbpgrsjq;0,331905403;1/12/2021
1b396af7-58b5-4c57-a43d-4a55796f7209;clnl0upju0005do7ep42zesii;0,404429196;1/12/2021
62e2ca30-40ab-4c91-a718-aa0156df2de8;clnl0upju0008do7ethb1ale3;0,200812288;1/12/2021
9abf4038-e3cd-4f65-afbd-9e99a4913e07;clnl0upju0007do7eouqi2pcn;3,475097519;1/12/2021
f4c9727e-069f-4246-8b11-a90b891449aa;clnl0upju0006do7ej70qeua9;0,362553947;1/12/2021
69b4d00d-81c7-4791-8161-69f8f181966d;clnl0upju0001do7ejmqgtdnl;0,293542478;1/12/2021
2cad934e-0adc-4231-817a-b3e6b4323339;clnl0upju0009do7el0vm3yuv;0,324344844;1/01/2022
d5f434b8-d9b9-412b-9273-e6655f434efa;clnl0upju0004do7ea22vefne;0,873657531;1/01/2022
fb0c8a70-5d19-4141-98f9-c6e11a3dbd57;clnl0upju0000do7eoq4verwy;0,373796249;1/01/2022
13e7e6ce-b8dc-4e57-82cb-d06460992061;clnl0upju0003do7eu8h8e8qs;1,710679816;1/01/2022
6cb80989-cbcb-46c8-ad50-16e0986297e4;clnl0upju0002do7egbpgrsjq;0,323856333;1/01/2022
88dffb8e-323b-49fa-9525-f58f7e89d865;clnl0upju0005do7ep42zesii;0,421295308;1/01/2022
ec56b766-29a9-482d-a4a2-b16fa03d1e62;clnl0upju0008do7ethb1ale3;0,218206188;1/01/2022
81a3587c-311c-419e-a567-2ca24f512275;clnl0upju0007do7eouqi2pcn;3,328820085;1/01/2022
749fc897-c01f-471d-a845-fe62ae9e5399;clnl0upju0006do7ej70qeua9;0,366538333;1/01/2022
a3720360-8c58-41b5-bf2d-cc52122ce824;clnl0upju0001do7ejmqgtdnl;0,262159311;1/01/2022
97898f30-dd91-4e88-95ce-63d031c0c6ff;clnl0upju0009do7el0vm3yuv;0,31886428;1/02/2022
e376224e-c665-48cc-bd0c-4df5c93d3355;clnl0upju0004do7ea22vefne;0,972634541;1/02/2022
c58877af-6545-4dde-bb8e-31a97746d620;clnl0upju0000do7eoq4verwy;0,366632842;1/02/2022
3b111ce0-ad50-4199-97c5-69c8cfa1fa6e;clnl0upju0003do7eu8h8e8qs;1,65983323;1/02/2022
134eabf4-a210-4a80-bcbe-1f28099c9d9b;clnl0upju0002do7egbpgrsjq;0,332750495;1/02/2022
6c6b0c29-759f-4f02-a420-f0dfaa6ecb10;clnl0upju0005do7ep42zesii;0,412181194;1/02/2022
2aa19ede-7836-465a-8b69-2e87cab5a804;clnl0upju0008do7ethb1ale3;0,200510884;1/02/2022
b552baaf-fa2b-4351-ac0d-d9f49b19befc;clnl0upju0007do7eouqi2pcn;3,417281785;1/02/2022
8da0c2f2-fa94-4106-86aa-eff2e4e9b7f5;clnl0upju0006do7ej70qeua9;0,347195778;1/02/2022
342be5c8-4889-48d4-aa36-10910525025c;clnl0upju0001do7ejmqgtdnl;0,294693822;1/02/2022
5b5d97bf-1c04-4d05-8d52-2d17ca457cf0;clnl0upju0009do7el0vm3yuv;0,331169004;1/03/2022
ad7f0700-2f50-43f4-8f12-948bcc19b5fd;clnl0upju0004do7ea22vefne;0,954727897;1/03/2022
8032c56d-1035-4219-93a7-7836b68c5d72;clnl0upju0000do7eoq4verwy;0,364869144;1/03/2022
cd636441-163c-48be-8380-96fb54414d0a;clnl0upju0003do7eu8h8e8qs;1,626481278;1/03/2022
1582d51c-fa1a-4adc-a93c-5c3931749b40;clnl0upju0002do7egbpgrsjq;0,326046208;1/03/2022
3765b50f-3104-45ff-9d7f-8c3c067ceaa0;clnl0upju0005do7ep42zesii;0,465365299;1/03/2022
ef4f5e87-53ff-4b4d-9255-ee2573889d61;clnl0upju0008do7ethb1ale3;0,214826613;1/03/2022
88c754b5-af90-4903-b20d-11cfd6d43f0c;clnl0upju0007do7eouqi2pcn;3,165207637;1/03/2022
a922ca1b-1f24-46a8-bb9a-e9102bf6c6fe;clnl0upju0006do7ej70qeua9;0,34684478;1/03/2022
b45faa3d-5a7d-4057-8fe2-d34ad095ab49;clnl0upju0001do7ejmqgtdnl;0,288742464;1/03/2022
7e5bf159-aae5-4c89-b7c1-e15585dcabab;clnl0upju0009do7el0vm3yuv;0,286758699;1/04/2022
a6d4f3ea-6afa-413a-a035-4c2c01440b02;clnl0upju0004do7ea22vefne;1,009182319;1/04/2022
4d67e7e0-8ead-4767-80c6-464653997513;clnl0upju0000do7eoq4verwy;0,359217429;1/04/2022
165db163-9cff-4805-a49f-09e2d646fefd;clnl0upju0003do7eu8h8e8qs;1,770483309;1/04/2022
92e390e9-6542-408a-bfa5-89ae1fa0db8c;clnl0upju0002do7egbpgrsjq;0,309394595;1/04/2022
bc90698c-3458-46a3-8c9d-65a8dcb76a45;clnl0upju0005do7ep42zesii;0,405872819;1/04/2022
8105c1c3-5822-4cda-9959-71b39872031c;clnl0upju0008do7ethb1ale3;0,226345452;1/04/2022
3d314416-0b6d-4a3d-bd52-82b75fca3164;clnl0upju0007do7eouqi2pcn;3,273372175;1/04/2022
d9634fb5-01f0-4258-acae-b08662965bff;clnl0upju0006do7ej70qeua9;0,366380159;1/04/2022
053cb256-0afa-4028-902d-d0a25cf2ac7a;clnl0upju0001do7ejmqgtdnl;0,282418363;1/04/2022
63db8717-5af6-45f3-9acd-0c132e540098;clnl0upju0009do7el0vm3yuv;0,28499131;1/05/2022
be8f175e-14e2-4d52-b44b-d595ab7abd2c;clnl0upju0004do7ea22vefne;0,921007795;1/05/2022
727c650e-f71b-4cf5-8c41-ee3e53b72227;clnl0upju0000do7eoq4verwy;0,412217114;1/05/2022
0adaa34f-0d79-4e3d-8d2f-18a89ded8e16;clnl0upju0003do7eu8h8e8qs;1,794174426;1/05/2022
b0e0e56d-3f91-4996-8bc5-35ac2b71575d;clnl0upju0002do7egbpgrsjq;0,359298195;1/05/2022
a2c615a7-9892-4f29-a60b-fb0c1aa93cbc;clnl0upju0005do7ep42zesii;0,45080369;1/05/2022
acc454f5-cdc1-486d-b09c-07489b2c556a;clnl0upju0008do7ethb1ale3;0,216857556;1/05/2022
935af724-148c-43dd-85ca-b6c45c183585;clnl0upju0007do7eouqi2pcn;3,091251196;1/05/2022
a41f869a-2662-4edf-b9c9-3d2a2503ea58;clnl0upju0006do7ej70qeua9;0,372819289;1/05/2022
3dfc58a6-a5ff-403c-9f17-459923f254aa;clnl0upju0001do7ejmqgtdnl;0,2801114;1/05/2022
053a9861-d1be-4309-be55-e58b59c29522;clnl0upju0009do7el0vm3yuv;0,280885736;1/06/2022
0857e79a-7174-4b07-81e0-6a2168a5910f;clnl0upju0004do7ea22vefne;0,857440134;1/06/2022
e65b55bc-e132-4c29-ac6c-378d764503a2;clnl0upju0000do7eoq4verwy;0,39908654;1/06/2022
7778c1ef-2477-4678-b5d9-12263fd61fe1;clnl0upju0003do7eu8h8e8qs;1,730261444;1/06/2022
4ae09ee1-c8bc-4cd8-b42e-d7de3633bcf6;clnl0upju0002do7egbpgrsjq;0,329444008;1/06/2022
ed18fbb8-4cd8-4b0d-9c49-4c430388a105;clnl0upju0005do7ep42zesii;0,466215839;1/06/2022
9826077d-a5fb-4068-9970-683eb3272566;clnl0upju0008do7ethb1ale3;0,224830341;1/06/2022
22a56096-0a34-4483-8130-08e87bc9d8e3;clnl0upju0007do7eouqi2pcn;3,148870278;1/06/2022
fe7b0018-3475-45c0-bbc0-6079b55a5698;clnl0upju0006do7ej70qeua9;0,339437792;1/06/2022
df42f167-ecb5-4d52-9418-04c64d5dd5e4;clnl0upju0001do7ejmqgtdnl;0,288854957;1/06/2022
7c322512-ac41-4dbf-bf98-4dfbd1413cdd;clnl0upju0009do7el0vm3yuv;0,331281225;1/07/2022
190901bb-fe74-4141-b16f-b5d77683590c;clnl0upju0004do7ea22vefne;0,986604203;1/07/2022
de47b95e-5f9f-41db-9a4e-9b0c26f0de6f;clnl0upju0000do7eoq4verwy;0,370653726;1/07/2022
a3319e13-9db3-41f7-a943-1a5ee7aa4797;clnl0upju0003do7eu8h8e8qs;1,796375489;1/07/2022
538d6b54-c61c-46fc-90b2-c1ec73f83d0f;clnl0upju0002do7egbpgrsjq;0,329393436;1/07/2022
c5c2dc5c-9ad4-4549-87f6-505b94270ed1;clnl0upju0005do7ep42zesii;0,478705723;1/07/2022
e230e137-0a75-42ce-8f10-2d1e8586d894;clnl0upju0008do7ethb1ale3;0,218906537;1/07/2022
5a3e7a73-1aed-4546-81ea-fd122a6c2cb5;clnl0upju0007do7eouqi2pcn;3,379318979;1/07/2022
50a1e8a8-f5b2-41f0-921e-1ce6afce8ca8;clnl0upju0006do7ej70qeua9;0,368729985;1/07/2022
96febb67-33d0-44ee-8bfb-74e5d18cf01f;clnl0upju0001do7ejmqgtdnl;0,299048863;1/07/2022
cae8104e-224a-4852-9d3e-e1eb0938d053;clnl0upju0009do7el0vm3yuv;0,306199604;1/08/2022
1cfc6966-ffcd-4cf9-8b75-fde750ca6cbd;clnl0upju0004do7ea22vefne;0,910880006;1/08/2022
a053e443-e619-4e5c-a97a-185848d6a080;clnl0upju0000do7eoq4verwy;0,355398994;1/08/2022
6e782357-861a-47b6-8d45-605937b13140;clnl0upju0003do7eu8h8e8qs;1,583267133;1/08/2022
7d0e2db6-fa8a-4490-8305-12e51cc17df6;clnl0upju0002do7egbpgrsjq;0,313750457;1/08/2022
6f1f2bb0-21c2-47ae-a433-1634ea21b174;clnl0upju0005do7ep42zesii;0,419526627;1/08/2022
0de017da-8672-42ef-a0f8-67f37d5e7bc9;clnl0upju0008do7ethb1ale3;0,237679113;1/08/2022
154f096c-2d2f-47be-a879-de7e5f651382;clnl0upju0007do7eouqi2pcn;3,062203596;1/08/2022
08eafe6c-0301-4777-8517-e80e19164a38;clnl0upju0006do7ej70qeua9;0,321799943;1/08/2022
acecca54-955f-4881-8c60-e5e95c1e2559;clnl0upju0001do7ejmqgtdnl;0,266049982;1/08/2022
c31603a6-e79f-4ad7-98f3-6e5ebdce661e;clnl0upju0009do7el0vm3yuv;0,329311857;1/09/2022
8f2a1de6-2854-4096-8258-d2ca806f6c65;clnl0upju0004do7ea22vefne;0,863912213;1/09/2022
21037cd9-7fa2-4c5d-b49a-10d1fe4b30ef;clnl0upju0000do7eoq4verwy;0,398899552;1/09/2022
9ba5e90c-7d05-4699-876f-05d5fe8f923b;clnl0upju0003do7eu8h8e8qs;1,765563879;1/09/2022
2500fd2f-092f-4be2-a9e3-8a5734cec6ad;clnl0upju0002do7egbpgrsjq;0,347573622;1/09/2022
d7f21744-6db3-452f-bddd-d9151510a553;clnl0upju0005do7ep42zesii;0,449160012;1/09/2022
cbe94d90-c133-4285-a669-3ef7aa299dd8;clnl0upju0008do7ethb1ale3;0,226529686;1/09/2022
b677b202-cf99-489b-aaca-1cf43be604fe;clnl0upju0007do7eouqi2pcn;3,326898638;1/09/2022
7b2a6f27-51df-4012-bb5c-279d170e1be6;clnl0upju0006do7ej70qeua9;0,342102593;1/09/2022
e56aa297-d361-4c0b-aa0b-0aae1676a51d;clnl0upju0001do7ejmqgtdnl;0,29999715;1/09/2022
01b22c76-e383-4948-b3f8-1e35e9423586;clnl0upju0009do7el0vm3yuv;0,334290584;1/10/2022
13a75103-4ff8-4272-9589-680bfe4867ea;clnl0upju0004do7ea22vefne;0,93575622;1/10/2022
c0bcd78f-bde1-4c51-a876-b1f44e4c4d5f;clnl0upju0000do7eoq4verwy;0,409260546;1/10/2022
0ec418e6-2fa5-4c9d-9fd3-af162edb82fc;clnl0upju0003do7eu8h8e8qs;1,654530217;1/10/2022
8d57b5d6-f3cb-41d5-b73e-68cca2a247db;clnl0upju0002do7egbpgrsjq;0,353022841;1/10/2022
303c77c0-54e6-47c9-a376-893319c68015;clnl0upju0005do7ep42zesii;0,421124662;1/10/2022
fb3773c2-e158-4a96-be96-ee64c1dc02f0;clnl0upju0008do7ethb1ale3;0,221374263;1/10/2022
bfd4f8e0-a045-4814-b0ff-f7e1d03d7ee2;clnl0upju0007do7eouqi2pcn;3,532925841;1/10/2022
1dee4a46-4c28-4da1-842c-a1dd4c0e57f1;clnl0upju0006do7ej70qeua9;0,383541958;1/10/2022
26379e66-9121-4ad2-a474-7b64c528586e;clnl0upju0001do7ejmqgtdnl;0,289885509;1/10/2022
86fb496e-b7b4-4298-a80f-19d5d1feb41d;clnl0upju0009do7el0vm3yuv;0,299999578;1/11/2022
88d31cca-8a93-4712-baec-a649905d1514;clnl0upju0004do7ea22vefne;0,934768563;1/11/2022
e403f9c2-5dd6-4b23-9463-a849c73be0a9;clnl0upju0000do7eoq4verwy;0,401891683;1/11/2022
88f40318-2ba7-4fd2-9a5a-8e02ff1d8c87;clnl0upju0003do7eu8h8e8qs;1,684129267;1/11/2022
cf745cef-ea40-4bd8-887a-a178553cd3d7;clnl0upju0002do7egbpgrsjq;0,329820036;1/11/2022
501beaf4-bccb-4602-a999-561e9090dd50;clnl0upju0005do7ep42zesii;0,438457823;1/11/2022
b44ac0cd-fbfe-4a84-bba3-713026ccd6fe;clnl0upju0008do7ethb1ale3;0,201681194;1/11/2022
3b85fc1d-e414-48ec-9ae8-bbc7ac9ba723;clnl0upju0007do7eouqi2pcn;3,318193788;1/11/2022
160d5002-8f4a-451f-bcb2-6b903d59ab61;clnl0upju0006do7ej70qeua9;0,374790854;1/11/2022
e88dcbb9-f621-4b97-8c5b-a401565ef4c7;clnl0upju0001do7ejmqgtdnl;0,286828007;1/11/2022
c6c12ad9-7543-4fd7-92e5-18db36bd08ab;clnl0upju0009do7el0vm3yuv;0,328693107;1/12/2022
e73ac881-7987-41cc-990a-7843a08cd0e3;clnl0upju0004do7ea22vefne;0,926566155;1/12/2022
8a8dfa16-cb39-43d1-9958-2e2967ff6d3b;clnl0upju0000do7eoq4verwy;0,415989562;1/12/2022
48743147-088c-4fb1-bcaa-3093757c2898;clnl0upju0003do7eu8h8e8qs;1,603971476;1/12/2022
9edf0700-2622-4ec4-ae81-7db9ad975f7c;clnl0upju0002do7egbpgrsjq;0,310343397;1/12/2022
0fc7de0e-d3b2-4bbc-a66a-1ad058948a95;clnl0upju0005do7ep42zesii;0,416646062;1/12/2022
cee394fb-91f6-476c-b5e1-21f01699a754;clnl0upju0008do7ethb1ale3;0,229383341;1/12/2022
7caf81f7-1fe8-4269-9b7f-7ce924ba4afe;clnl0upju0007do7eouqi2pcn;3,479423596;1/12/2022
039766d8-69a9-474c-a1f0-12222384c434;clnl0upju0006do7ej70qeua9;0,369978387;1/12/2022
46223a0a-4b5b-428c-8daa-44b3552a5744;clnl0upju0001do7ejmqgtdnl;0,262527523;1/12/2022
25f0eb9c-03ba-4da3-8e2e-e182b2b1153e;clnl0upju0009do7el0vm3yuv;0,310885832;1/01/2023
e5af1cd8-44e5-40a5-afe0-3ec7e604c963;clnl0upju0004do7ea22vefne;0,943355495;1/01/2023
09edc3e3-693a-4633-a003-0ab820120253;clnl0upju0000do7eoq4verwy;0,373553784;1/01/2023
49d3bdf3-202b-42e4-88fc-29cb64d6ed69;clnl0upju0003do7eu8h8e8qs;1,72691045;1/01/2023
6592cd16-1a1f-4a7e-be54-276c6c378469;clnl0upju0002do7egbpgrsjq;0,319112989;1/01/2023
fe359090-f8ba-4806-82f2-c7377a7b591a;clnl0upju0005do7ep42zesii;0,41668737;1/01/2023
478d9577-4eb9-4bc7-accf-765b7f4859a7;clnl0upju0008do7ethb1ale3;0,206938022;1/01/2023
1b4e129f-fb97-490f-8084-32ffa17159c3;clnl0upju0007do7eouqi2pcn;3,540684016;1/01/2023
6e464a6e-7ad4-47ef-a5f4-1c58dd9ab264;clnl0upju0006do7ej70qeua9;0,335091457;1/01/2023
8234b47f-fcd0-4fed-98f3-78e628a76fe3;clnl0upju0001do7ejmqgtdnl;0,270598431;1/01/2023
2e40f546-a6b8-495b-883e-0ef327e80509;clnl0upju0009do7el0vm3yuv;0,333278116;1/02/2023
83fdaf30-7db9-4cc2-be24-6fdd560ee6ce;clnl0upju0004do7ea22vefne;1,006680083;1/02/2023
a8cedbf7-9960-4dbc-9c1c-5076c1989f62;clnl0upju0000do7eoq4verwy;0,394892499;1/02/2023
b5e41bb8-f67c-4aa8-ae0d-a060236061cb;clnl0upju0003do7eu8h8e8qs;1,764046481;1/02/2023
141a0fea-828d-41eb-85e2-c6d3dc979aa3;clnl0upju0002do7egbpgrsjq;0,358735746;1/02/2023
6731abf4-08a7-4ede-b80a-fe288d3fb016;clnl0upju0005do7ep42zesii;0,417854788;1/02/2023
32b4c084-5fbd-41f5-96c1-5b4e28bb962e;clnl0upju0008do7ethb1ale3;0,228096007;1/02/2023
0910da1d-c912-4281-8d66-b29a37638ece;clnl0upju0007do7eouqi2pcn;3,507827672;1/02/2023
bcbad742-3a19-447a-8886-4aeb1a959469;clnl0upju0006do7ej70qeua9;0,363144554;1/02/2023
93668e08-0893-443a-bc21-56b18e733f67;clnl0upju0001do7ejmqgtdnl;0,296503711;1/02/2023
34343fb5-9bd4-489c-b6d0-a3e3711e1d16;clnl0upju0009do7el0vm3yuv;0,313621122;1/03/2023
36d76bce-ee52-4f7f-a3e4-63f9e2662a37;clnl0upju0004do7ea22vefne;0,858462472;1/03/2023
129ee9a8-e0a4-425b-a55f-62e854de97b2;clnl0upju0000do7eoq4verwy;0,409016983;1/03/2023
42c9246d-85ba-409e-aa16-b183170c3f48;clnl0upju0003do7eu8h8e8qs;1,59167926;1/03/2023
fd347170-98ea-44e6-b0ce-64b40ec0c5bf;clnl0upju0002do7egbpgrsjq;0,3399525;1/03/2023
8248c385-fcff-4edf-a398-21f166cec13b;clnl0upju0005do7ep42zesii;0,407887301;1/03/2023
93ca6a46-fa4d-4507-a8a7-893ebacb015d;clnl0upju0008do7ethb1ale3;0,231425792;1/03/2023
e0254a69-7ba0-4146-b56c-04a098be2208;clnl0upju0007do7eouqi2pcn;3,25116387;1/03/2023
c6e9b8a1-dc3d-4c49-b5ec-e3274e2c9834;clnl0upju0006do7ej70qeua9;0,344277417;1/03/2023
f9ed49a2-bbb1-4350-9d37-96d2f13a0b3e;clnl0upju0001do7ejmqgtdnl;0,278142966;1/03/2023
f939069a-91a0-4621-aa6e-fe1ffacc077b;clnl0upju0009do7el0vm3yuv;0,296892783;1/04/2023
86f2b56c-8a26-4001-a194-3c54921c98fa;clnl0upju0004do7ea22vefne;0,865871285;1/04/2023
1b34101b-a831-4ab1-b8d0-126f8e2ea28e;clnl0upju0000do7eoq4verwy;0,372960358;1/04/2023
4bb8bdc9-a9a8-4339-a098-7b55a00490cc;clnl0upju0003do7eu8h8e8qs;1,774465797;1/04/2023
1064fd7d-0803-47c3-8355-bae8516c3eb4;clnl0upju0002do7egbpgrsjq;0,313210275;1/04/2023
6c882f18-9b5b-4bf2-b4ea-531068d2fb46;clnl0upju0005do7ep42zesii;0,42155575;1/04/2023
81e0b890-4323-4b05-a0f4-03911bb56477;clnl0upju0008do7ethb1ale3;0,231527368;1/04/2023
f54f9999-e0b8-4710-a232-540738e6b899;clnl0upju0007do7eouqi2pcn;3,483648244;1/04/2023
50fcbc0c-5e6a-420b-a05f-df1d7322d1b2;clnl0upju0006do7ej70qeua9;0,378762534;1/04/2023
c40c977c-c96f-4af3-81b7-37eecd65dc00;clnl0upju0001do7ejmqgtdnl;0,267385216;1/04/2023
6adad16c-035e-4df9-9079-9dd8cd964536;clnl0upju0009do7el0vm3yuv;0,284021913;1/05/2023
7a0959bc-16b7-4e16-afc7-ad0594652200;clnl0upju0004do7ea22vefne;1,008859882;1/05/2023
5a981b2f-62c5-4e90-aa8e-ec41012e8e32;clnl0upju0000do7eoq4verwy;0,357045186;1/05/2023
892e24aa-c4c0-42a2-838b-a437cb0280b1;clnl0upju0003do7eu8h8e8qs;1,513079552;1/05/2023
cea40964-cfce-4c7b-af48-05fca3974066;clnl0upju0002do7egbpgrsjq;0,341756334;1/05/2023
50667f6c-5a23-4b4f-9869-807732ecb9f9;clnl0upju0005do7ep42zesii;0,473059151;1/05/2023
bdbca32a-62a6-40d5-8b0a-cdea46f72cc4;clnl0upju0008do7ethb1ale3;0,223642417;1/05/2023
3e4d178b-75de-4133-87ff-0db2451fc077;clnl0upju0007do7eouqi2pcn;3,070893341;1/05/2023
0a1064af-1a90-4b8d-923e-488868a86205;clnl0upju0006do7ej70qeua9;0,328451246;1/05/2023
2bdd93be-5202-42a5-af2a-d989a0089f36;clnl0upju0001do7ejmqgtdnl;0,274273055;1/05/2023
b1570e38-6b3b-44f6-9960-3381f5dd5464;clnl0upju0009do7el0vm3yuv;0,292993007;1/06/2023
7aad74a4-5932-4eb8-b45f-5d98959ce365;clnl0upju0004do7ea22vefne;0,962032274;1/06/2023
f388c746-6ef0-4dd6-9711-40816b17b8b3;clnl0upju0000do7eoq4verwy;0,414362242;1/06/2023
8d8e0d0c-1e51-4bcf-8402-275717336e4c;clnl0upju0003do7eu8h8e8qs;1,601693401;1/06/2023
30b604c5-8dc4-48e2-adc9-7bc7bf760f29;clnl0upju0002do7egbpgrsjq;0,333920004;1/06/2023
2f188687-3387-4d00-8fd4-14a856bb6e02;clnl0upju0005do7ep42zesii;0,40481877;1/06/2023
277ecc5e-0115-4145-84ad-d891bdae3377;clnl0upju0008do7ethb1ale3;0,233781115;1/06/2023
c137c45b-0900-4f4b-9c06-a031c660e5c2;clnl0upju0007do7eouqi2pcn;3,079358891;1/06/2023
46e19fdb-8bba-495d-92a4-a981e15215c6;clnl0upju0006do7ej70qeua9;0,341737022;1/06/2023
719f39dc-8b84-4684-8169-f52769f2b10f;clnl0upju0001do7ejmqgtdnl;0,276008191;1/06/2023
f2e6be8b-853b-4f71-89f3-acf981bccda7;clnl0upju0009do7el0vm3yuv;0,299801066;1/07/2023
7605f545-1d89-4525-b846-dca5ad34ab2d;clnl0upju0004do7ea22vefne;0,888877977;1/07/2023
2a7ead49-a3e2-4bd8-b95d-a531cb129af2;clnl0upju0000do7eoq4verwy;0,398765282;1/07/2023
ae99f06c-e1c2-41b0-a4d6-f976a325b7d4;clnl0upju0003do7eu8h8e8qs;1,62007005;1/07/2023
f6d0f671-5161-46b4-b515-6da983ebc092;clnl0upju0002do7egbpgrsjq;0,335434596;1/07/2023
63c12866-8ed8-45a8-a0b4-7e11797bebe2;clnl0upju0005do7ep42zesii;0,444324766;1/07/2023
72234c7d-818c-4a57-a27d-2136bf6f9af4;clnl0upju0008do7ethb1ale3;0,223500588;1/07/2023
02c39d12-e585-449a-8c79-7aeb108a32a8;clnl0upju0007do7eouqi2pcn;3,487014173;1/07/2023
d8f6e855-2219-4f9e-8b31-aeb350250aa1;clnl0upju0006do7ej70qeua9;0,341703185;1/07/2023
c07f8bf6-92aa-49a9-a4ef-67830fd70be7;clnl0upju0001do7ejmqgtdnl;0,293007437;1/07/2023
937feba4-e13a-4248-a191-ab730eef310f;clnl0upju0009do7el0vm3yuv;0,292838121;1/08/2023
7f6a97c8-b323-45a3-8228-1ae4ca5e8ab3;clnl0upju0004do7ea22vefne;0,895613221;1/08/2023
fa5bcb50-6b12-4b33-abb4-d1f34f25d7eb;clnl0upju0000do7eoq4verwy;0,360908713;1/08/2023
b573ce5b-5a0c-48e1-8760-3609134180ed;clnl0upju0003do7eu8h8e8qs;1,700554311;1/08/2023
387a2b5c-5a03-49a7-ba31-8c3a4a9d9391;clnl0upju0002do7egbpgrsjq;0,322329675;1/08/2023
d8b98333-2d6b-4559-87a4-af793c9b9f86;clnl0upju0005do7ep42zesii;0,461879858;1/08/2023
4773f305-6fad-47a9-8a07-e7ef157147f2;clnl0upju0008do7ethb1ale3;0,210139187;1/08/2023
55777ffc-9f53-42a4-94dd-a22ed0a4e511;clnl0upju0007do7eouqi2pcn;3,381218388;1/08/2023
dca1cc82-7757-45e9-99f3-71ea60597a61;clnl0upju0006do7ej70qeua9;0,359564253;1/08/2023
439ff47c-515a-412e-9fb9-b5a18ea4a4ff;clnl0upju0001do7ejmqgtdnl;0,29684651;1/08/2023
f634f02c-4bf4-4a09-860f-1cfde692409c;clnl0upju0009do7el0vm3yuv;0,296544934;1/09/2023
c29f2ec2-48ef-4a4b-8253-848a7ac246a3;clnl0upju0004do7ea22vefne;0,960525107;1/09/2023
671e9e90-86ca-4d4b-9e95-2bd1c6a265ce;clnl0upju0000do7eoq4verwy;0,412453751;1/09/2023
ee5a92e5-e8bb-44d9-a078-266419248601;clnl0upju0003do7eu8h8e8qs;1,628204312;1/09/2023
9ddbb02a-856e-4d9f-bd55-24c9b748cc00;clnl0upju0002do7egbpgrsjq;0,325171364;1/09/2023
fecf0d2d-d629-465d-ad97-66a1076621a9;clnl0upju0005do7ep42zesii;0,465226563;1/09/2023
b0bb1da5-18a7-45bf-acd4-b3949fff62d5;clnl0upju0008do7ethb1ale3;0,23371826;1/09/2023
b5cb53e4-37e7-4862-88e6-17ccf34fbd07;clnl0upju0007do7eouqi2pcn;3,115210793;1/09/2023
eac63d2e-3496-40c9-b254-c4c037ca236b;clnl0upju0006do7ej70qeua9;0,366151726;1/09/2023
03b8d28f-b545-495e-9d37-169bb798607a;clnl0upju0001do7ejmqgtdnl;0,270723297;1/09/2023
f25368d3-2dcc-490f-908a-5d9a04fc5528;clnl0upju0009do7el0vm3yuv;0,301311326;1/10/2023
80e541bb-7924-4f6b-b809-81d90f7be725;clnl0upju0004do7ea22vefne;0,882630739;1/10/2023
93aaa4e8-eb69-4bc5-b011-7c9939dd9e7a;clnl0upju0000do7eoq4verwy;0,367934222;1/10/2023
b05773e6-8cf8-4808-8027-fb5d8c86adbb;clnl0upju0003do7eu8h8e8qs;1,627867988;1/10/2023
a5fe31c2-dee0-47c1-a953-e00be3f823c2;clnl0upju0002do7egbpgrsjq;0,320139037;1/10/2023
2394314b-a8b6-4de7-a4e7-22ce42d2dc15;clnl0upju0005do7ep42zesii;0,460202134;1/10/2023
e8d9c77c-2844-4d5a-b5d4-c6a2d42145f1;clnl0upju0008do7ethb1ale3;0,202703766;1/10/2023
51fe5ce3-fe76-4224-950d-e8da0ebcdadc;clnl0upju0007do7eouqi2pcn;3,20978642;1/10/2023
1e8314c9-00e9-47ac-8034-17556a71cc98;clnl0upju0006do7ej70qeua9;0,379199445;1/10/2023
469d9bcf-3f1e-4325-bc26-085b6a1f1378;clnl0upju0001do7ejmqgtdnl;0,269961633;1/10/2023
