"id";"nombre"
f571bcc5-3744-4500-a577-562fecd5dc2d;Agrícola La Pradera
"120bf0c2-a279-4b01-a3c9-e683c45f8610";Cultivos El Eden
"5fac8048-3cd1-4527-b7b0-af5ea478cec5";Granja Los Pinos
"03fc5db0-6506-4e68-97ec-9a1d7e5844d9";Exportaciones Valle Verde
"079917c6-ab38-4c43-9320-a7a1a8f69331";Productos del Campo SA
"238dacf3-d9dc-45a7-b75e-929ca5dd58bf";Agricultura y Ganadería El Sol
"8e3865a8-8a03-4abb-a7b1-d81b93cc77e3";Cosechas Tropicales Ltda
"0f44b4a6-dae1-4b0c-9a33-23e4c5b1e2f1";Agroindustrias Montaña Alta
e8ee8fe5-5d3c-4e13-ab67-371301afc380;Frutas y Verduras El Horizonte
b4a00858-133c-4fc4-894f-775ddd1b67bf;Cultivos y Semillas La Tierra
"3da0a604-dd53-42a8-8eb1-d2a215a993b3";Invernaderos La Estrella
adfcff63-a798-48b0-aee9-7956b664cf18;Desarrollo Agropecuario Sostenible SA
"5e838a0e-5e86-4222-8fc5-5b9b911777f4";AgroServicios del Norte
"2ea3f1ae-566d-4f7b-980d-3bdc302938b0";Fertilizantes y Suelos de Calidad
"80d0a1ce-915f-4dcf-8161-24f407d9edbb";Ganadería Campo Claro
"8fcace66-4859-4f86-9b3a-f1e64b564990";Sistemas de Riego Modernos
"642da6de-6557-42d8-82bc-78905d67fda5";Tecnología y Maquinaria Agrícola SA
