"id";"nombre";"correo"
clnl1tgew000fdo7e1m4hexm1;Alejandra Ramírez;alejandra.ramirez@example.com
clnl1tgew000gdo7eei7yungt;Manuel Gutierrez;manuel.gutierrez@example.com
clnl1tgew000hdo7e2e56bmhl;Sofia Gonzalez;sofia.gonzalez@example.com
clnl1tgew000ido7ekdsthd5r;Eduardo Torres;eduardo.torres@example.com
clnl1tgew000jdo7en9z91xqe;Gabriela Herrera;gabriela.herrera@example.com
clnl1tgew000kdo7e1lgs2t38;Carlos Ortiz;carlos.ortiz@example.com
clnl1tgew000ldo7enyxcaw9k;Isabella Navarro;isabella.navarro@example.com
clnl1tgew000mdo7exp6qutpr;Diego Fernandez;diego.fernandez@example.com
clnl1tgew000ndo7eqv6kedcw;Lucia Lopez;lucia.lopez@example.com
clnl1tgew000odo7eeycr0n6t;Antonio Mendoza;antonio.mendoza@example.com
clnl1tgex000pdo7eri7kekl5;Valentina Diaz;valentina.diaz@example.com
clnl1tgex000qdo7e0b7gi2v0;Miguel Sanchez;miguel.sanchez@example.com
clnl1tgex000rdo7eposk5kaw;Maria Vargas;maria.vargas@example.com
clnl1tgex000sdo7ep8ngxn41;Jose Vasquez;jose.vasquez@example.com
clnl1tgex000tdo7ep0jaiwq8;Daniela Ramirez;daniela.ramirez@example.com
clnl1tgex000udo7egjer5n4v;Juan Rodriguez;juan.rodriguez@example.com
clnl1tgex000vdo7eeklyp0xe;Camila Garcia;camila.garcia@example.com
clnl1tgex000wdo7ex0i3pe5n;Andres Gomez;andres.gomez@example.com
clnl1tgex000xdo7epq0pn244;Victoria Chavez;victoria.chavez@example.com
clnl1tgex000ydo7exifnpjcq;Ricardo Castro;ricardo.castro@example.com
clnl1tgex000zdo7en7zek7wt;Natalia Morales;natalia.morales@example.com
clnl1tgex0010do7eopxg1fkj;Pablo Aguilar;pablo.aguilar@example.com
clnl1tgex0011do7e7b7sbqss;Isabel Silva;isabel.silva@example.com
clnl1tgex0012do7ea0sxlcoc;Sebastian Suarez;sebastian.suarez@example.com
clnl1tgex0013do7erzbj9znn;Valeria Torres;valeria.torres@example.com
clnl1tgex0014do7erwq00lys;Daniel Medina;daniel.medina@example.com
clnl1tgex0015do7e1mgd440k;Ana Flores;ana.flores@example.com
clnl1tgex0016do7edli33sh9;Mateo Ortiz;mateo.ortiz@example.com
clnl1tgex0017do7eq9rt4wer;Laura Moreno;laura.moreno@example.com
clnl1tgex0018do7e6i611zi8;Oscar Jimenez;oscar.jimenez@example.com
clnl1tgex0019do7eebahvdll;Juliana Ruiz;juliana.ruiz@example.com
clnl1tgex001ado7emxs0tggc;Enrique Soto;enrique.soto@example.com
clnl1tgex001bdo7egzot4gka;Sara Herrera;sara.herrera@example.com
clnl1tgex001cdo7e5v7rcph3;Alberto Reyes;alberto.reyes@example.com
clnl1tgey001ddo7e3nkb2j92;Sofia Velazquez;sofia.velazquez@example.com
clnl1tgey001edo7ehm1iedn8;Andres Muñoz;andres.muñoz@example.com
clnl1tgey001fdo7ehgggtity;Isabella Cruz;isabella.cruz@example.com
clnl1tgey001gdo7edwqa40fq;Leonardo Vega;leonardo.vega@example.com
clnl1tgey001hdo7e46hr4mgx;Vanessa Rojas;vanessa.rojas@example.com
clnl1tgey001ido7efrs1tmcj;Fernando Luna;fernando.luna@example.com
clnl1tgey001jdo7ewgss36st;Andrea Delgado;andrea.delgado@example.com
clnl1tgey001kdo7evr86pcac;Francisco Vazquez;francisco.vazquez@example.com
clnl1tgey001ldo7enew9q9c0;Claudia Molina;claudia.molina@example.com
clnl1tgey001mdo7eyjgca0ei;Victor Nunez;victor.nunez@example.com
clnl1tgey001ndo7e6z3ut86k;Mariana Guzman;mariana.guzman@example.com
clnl1tgey001odo7euv9i7u0q;Santiago Pena;santiago.pena@example.com
clnl1tgey001pdo7ey7xmtgkv;Elena Herrera;elena.herrera@example.com
clnl1tgey001qdo7e3ozf2ai3;Nicolas Mora;nicolas.mora@example.com
clnl1tgey001rdo7emuiohoot;Teresa Lopez;teresa.lopez@example.com
clnl1tgey001sdo7ezz23xhbq;Sergio Sanchez;sergio.sanchez@example.com
clnl1tgey001tdo7eojvytipa;Beatriz Rios;beatriz.rios@example.com
clnl1tgey001udo7egpga0542;Carlos Perez;carlos.perez@example.com
clnl1tgey001vdo7eqzyoc0b6;Carmen Ramirez;carmen.ramirez@example.com
clnl1tgey001wdo7ed1yywsqh;Diego Gonzalez;diego.gonzalez@example.com
clnl1tgey001xdo7ez7pacqrp;Amelia Gutierrez;amelia.gutierrez@example.com
clnl1tgey001ydo7e8jy8pyba;Roberto Flores;roberto.flores@example.com
clnl1tgey001zdo7easc4vkaa;Maria Peralta;maria.peralta@example.com
clnl1tgey0020do7eez2ypnnt;Gabriel Ortega;gabriel.ortega@example.com
clnl1tgey0021do7ectbsrcig;Sofia Ayala;sofia.ayala@example.com
clnl1tgey0022do7ebafjwq6a;Rafael Castillo;rafael.castillo@example.com
clnl1tgez0023do7eft6pzrw2;Patricia Salazar;patricia.salazar@example.com
clnl1tgez0024do7e151s1t7i;Luis Espinoza;luis.espinoza@example.com
clnl1tgez0025do7e8eyts4qn;Barbara Munoz;barbara.munoz@example.com
clnl1tgez0026do7e5j965jay;Ruben Pineda;ruben.pineda@example.com
clnl1tgez0027do7epewh4xbr;Adriana Vasquez;adriana.vasquez@example.com
clnl1tgez0028do7es3jqxgj9;Javier Gomez;javier.gomez@example.com
clnl1tgez0029do7e6euif3fp;Carla Romero;carla.romero@example.com
clnl1tgez002ado7exmu2zggw;Rodrigo Medina;rodrigo.medina@example.com
clnl1tgez002bdo7es8xetlgb;Francisca Castillo;francisca.castillo@example.com
clnl1tgez002cdo7eh03bnstq;Jorge Rios;jorge.rios@example.com
clnl1tgez002ddo7elsumr3wd;Liliana Blanco;liliana.blanco@example.com
clnl1tgez002edo7enrpdfep1;Carlos Diaz;carlos.diaz@example.com
clnl1tgez002fdo7er7l9k7sp;Veronica Morales;veronica.morales@example.com
clnl1tgez002gdo7e470zng55;Julio Guerrero;julio.guerrero@example.com
clnl1tgez002hdo7ep8jigqcy;Mariana Estrada;mariana.estrada@example.com
clnl1tgez002ido7e445vn55w;Sergio Alvarez;sergio.alvarez@example.com
clnl1tgez002jdo7eaitlm09k;Rosa Serrano;rosa.serrano@example.com
clnl1tgez002kdo7erxe6rb89;Jose Ramirez;jose.ramirez@example.com
clnl1tgez002ldo7ewvhszhhs;Camila Maldonado;camila.maldonado@example.com
clnl1tgez002mdo7en7bgls0p;Miguel Martinez;miguel.martinez@example.com
clnl1tgez002ndo7ekauorizl;Antonia Reyes;antonia.reyes@example.com
clnl1tgez002odo7eppar4sl6;Mario Delgado;mario.delgado@example.com
clnl1tgez002pdo7e0dhjjcbi;Natalia Perez;natalia.perez@example.com
clnl1tgez002qdo7eos2r5gsa;Leonardo Morales;leonardo.morales@example.com
clnl1tgez002rdo7elzp5ry6l;Daniela Suarez;daniela.suarez@example.com
clnl1tgez002sdo7e0wdts400;Martin Jimenez;martin.jimenez@example.com
clnl1tgez002tdo7eg8m3zwat;Elena Alvarado;elena.alvarado@example.com
clnl1tgez002udo7ebb1k1m3r;Omar Sanchez;omar.sanchez@example.com
clnl1tgf0002vdo7egr60sh67;Karina Chavez;karina.chavez@example.com
clnl1tgf0002wdo7en9qy1vlp;Ramiro Pena;ramiro.pena@example.com
clnl1tgf0002xdo7ep3w3lxsb;Alicia Ortega;alicia.ortega@example.com
clnl1tgf0002ydo7ebtdbpa47;Hector Vargas;hector.vargas@example.com
clnl1tgf0002zdo7eemu86ds6;Regina Solis;regina.solis@example.com
clnl1tgf00030do7ey4zo2nyn;Ernesto Vega;ernesto.vega@example.com
clnl1tgf00031do7e969kux3x;Monica Gonzalez;monica.gonzalez@example.com
clnl1tgf00032do7edrfie925;Guillermo Lozano;guillermo.lozano@example.com
clnl1tgf00033do7ebfroo9tx;Valentina Herrera;valentina.herrera@example.com
clnl1tgf00034do7e1mx7d75q;Ariel Martinez;ariel.martinez@example.com
clnl1tgf00035do7ehjogbp4j;Leticia Nunez;leticia.nunez@example.com
clnl1tgf00036do7e3fk9wm4p;Marco Antonio Cruz;marco.antonio.cruz@example.com
